customer_id,month,transaction_count,total_amount,total_effective_amount,average_amount,injected_anomalies,transaction_count_change,effective_amount_change
C00001,2025-01-01,4,191.53,191.53,47.8825,0,,
C00001,2025-02-01,4,108.54,108.54,27.135,0,0.0,-82.99
C00001,2025-03-01,2,41.12,-12.92,20.56,0,-2.0,-121.46000000000001
C00001,2025-04-01,2,41.22,41.22,20.61,0,0.0,54.14
C00001,2025-05-01,1,19.23,19.23,19.23,0,-1.0,-21.99
C00001,2025-06-01,3,153.45,153.45,51.15,0,2.0,134.22
C00001,2025-07-01,1,76.71,76.71,76.71,0,-2.0,-76.74
C00001,2025-08-01,2,93.63,93.63,46.815,0,1.0,16.92
C00001,2025-09-01,1,50.53,-50.53,50.53,0,-1.0,-144.16
C00001,2025-10-01,1,23.5,23.5,23.5,0,0.0,74.03
C00001,2025-11-01,3,83.91,83.91,27.97,0,2.0,60.41
C00001,2025-12-01,2,124.19,124.19,62.095,0,-1.0,40.28
C00002,2025-01-01,2,17.53,17.53,8.765,0,,
C00002,2025-02-01,0,0.0,0.0,,0,-2.0,-17.53
C00002,2025-03-01,0,0.0,0.0,,0,0.0,0.0
C00002,2025-04-01,2,136.97,112.59,68.485,0,2.0,112.59
C00002,2025-05-01,1,48.14,48.14,48.14,0,-1.0,-64.45
C00002,2025-06-01,0,0.0,0.0,,0,-1.0,-48.14
C00002,2025-07-01,1,66.44,66.44,66.44,0,1.0,66.44
C00002,2025-08-01,1,93.75,93.75,93.75,0,0.0,27.310000000000002
C00002,2025-09-01,0,0.0,0.0,,0,-1.0,-93.75
C00002,2025-10-01,1,51.28,51.28,51.28,0,1.0,51.28
C00002,2025-11-01,1,8.29,8.29,8.29,0,0.0,-42.99
C00002,2025-12-01,2,52.68,52.68,26.34,0,1.0,44.39
C00003,2025-01-01,3,514.52,514.52,171.50666666666666,0,,
C00003,2025-02-01,4,708.12,708.12,177.03,0,1.0,193.60000000000002
C00003,2025-03-01,9,3031.0600000000004,2540.1800000000003,336.7844444444445,0,5.0,1832.0600000000004
C00003,2025-04-01,7,1163.58,1163.58,166.22571428571428,0,-2.0,-1376.6000000000004
C00003,2025-05-01,7,1188.71,1188.71,169.81571428571428,0,0.0,25.13000000000011
C00003,2025-06-01,3,285.09,285.09,95.02999999999999,0,-4.0,-903.6200000000001
C00003,2025-07-01,7,1217.26,1217.26,173.8942857142857,0,4.0,932.1700000000001
C00003,2025-08-01,1,64.01,64.01,64.01,0,-6.0,-1153.25
C00003,2025-09-01,4,400.45000000000005,400.45000000000005,100.11250000000001,0,3.0,336.44000000000005
C00003,2025-10-01,2,334.06,334.06,167.03,0,-2.0,-66.39000000000004
C00003,2025-11-01,2,203.93,203.93,101.965,0,0.0,-130.13
C00003,2025-12-01,4,205.79999999999998,205.79999999999998,51.449999999999996,0,2.0,1.8699999999999761
C00004,2025-01-01,2,251.37,251.37,125.685,0,,
C00004,2025-02-01,0,0.0,0.0,,0,-2.0,-251.37
C00004,2025-03-01,1,151.42,151.42,151.42,0,1.0,151.42
C00004,2025-04-01,0,0.0,0.0,,0,-1.0,-151.42
C00004,2025-05-01,0,0.0,0.0,,0,0.0,0.0
C00004,2025-06-01,0,0.0,0.0,,0,0.0,0.0
C00004,2025-07-01,1,64.55,64.55,64.55,0,1.0,64.55
C00004,2025-08-01,1,51.25,51.25,51.25,0,0.0,-13.299999999999997
C00004,2025-09-01,0,0.0,0.0,,0,-1.0,-51.25
C00004,2025-10-01,0,0.0,0.0,,0,0.0,0.0
C00004,2025-11-01,1,142.21,142.21,142.21,0,1.0,142.21
C00005,2025-03-01,1,58.02,58.02,58.02,0,,
C00005,2025-04-01,1,35.36,35.36,35.36,0,0.0,-22.660000000000004
C00005,2025-05-01,0,0.0,0.0,,0,-1.0,-35.36
C00005,2025-06-01,0,0.0,0.0,,0,0.0,0.0
C00005,2025-07-01,0,0.0,0.0,,0,0.0,0.0
C00005,2025-08-01,0,0.0,0.0,,0,0.0,0.0
C00005,2025-09-01,0,0.0,0.0,,0,0.0,0.0
C00005,2025-10-01,1,14.52,14.52,14.52,0,1.0,14.52
C00005,2025-11-01,1,57.13,57.13,57.13,0,0.0,42.61
C00006,2025-01-01,1,56.15,56.15,56.15,0,,
C00006,2025-02-01,4,650.25,650.25,162.5625,0,3.0,594.1
C00006,2025-03-01,1,147.35,-147.35,147.35,0,-3.0,-797.6
C00006,2025-04-01,1,46.02,46.02,46.02,0,0.0,193.37
C00006,2025-05-01,2,278.0,278.0,139.0,0,1.0,231.98
C00006,2025-06-01,0,0.0,0.0,,0,-2.0,-278.0
C00006,2025-07-01,2,351.27,351.27,175.635,0,2.0,351.27
C00006,2025-08-01,0,0.0,0.0,,0,-2.0,-351.27
C00006,2025-09-01,0,0.0,0.0,,0,0.0,0.0
C00006,2025-10-01,0,0.0,0.0,,0,0.0,0.0
C00006,2025-11-01,0,0.0,0.0,,0,0.0,0.0
C00006,2025-12-01,2,110.83000000000001,110.83000000000001,55.415000000000006,0,2.0,110.83000000000001
C00007,2025-02-01,1,76.31,76.31,76.31,0,,
C00007,2025-03-01,4,375.37,375.37,93.8425,0,3.0,299.06
C00007,2025-04-01,0,0.0,0.0,,0,-4.0,-375.37
C00007,2025-05-01,0,0.0,0.0,,0,0.0,0.0
C00007,2025-06-01,1,212.13,212.13,212.13,0,1.0,212.13
C00007,2025-07-01,1,15.26,15.26,15.26,0,0.0,-196.87
C00007,2025-08-01,1,55.4,55.4,55.4,0,0.0,40.14
C00007,2025-09-01,1,32.52,32.52,32.52,0,0.0,-22.879999999999995
C00008,2025-01-01,1,31.27,31.27,31.27,0,,
C00008,2025-02-01,2,52.54,52.54,26.27,0,1.0,21.27
C00008,2025-03-01,0,0.0,0.0,,0,-2.0,-52.54
C00008,2025-04-01,2,134.38,134.38,67.19,0,2.0,134.38
C00008,2025-05-01,0,0.0,0.0,,0,-2.0,-134.38
C00008,2025-06-01,1,19.16,19.16,19.16,0,1.0,19.16
C00008,2025-07-01,2,179.45,179.45,89.725,0,1.0,160.29
C00008,2025-08-01,1,17.94,17.94,17.94,0,-1.0,-161.51
C00008,2025-09-01,0,0.0,0.0,,0,-1.0,-17.94
C00008,2025-10-01,2,152.02,152.02,76.01,0,2.0,152.02
C00009,2025-01-01,1,45.63,45.63,45.63,0,,
C00009,2025-02-01,0,0.0,0.0,,0,-1.0,-45.63
C00009,2025-03-01,0,0.0,0.0,,0,0.0,0.0
C00009,2025-04-01,0,0.0,0.0,,0,0.0,0.0
C00009,2025-05-01,2,34.82,34.82,17.41,0,2.0,34.82
C00009,2025-06-01,0,0.0,0.0,,0,-2.0,-34.82
C00009,2025-07-01,1,43.29,43.29,43.29,0,1.0,43.29
C00010,2025-03-01,1,7.89,-7.89,7.89,0,,
C00010,2025-04-01,0,0.0,0.0,,0,-1.0,7.89
C00010,2025-05-01,2,12.07,1.4900000000000002,6.035,0,2.0,1.4900000000000002
C00010,2025-06-01,3,53.08,53.08,17.69333333333333,0,1.0,51.589999999999996
C00010,2025-07-01,0,0.0,0.0,,0,-3.0,-53.08
C00010,2025-08-01,0,0.0,0.0,,0,0.0,0.0
C00010,2025-09-01,0,0.0,0.0,,0,0.0,0.0
C00010,2025-10-01,1,7.76,7.76,7.76,0,1.0,7.76
C00010,2025-11-01,1,10.22,10.22,10.22,0,0.0,2.460000000000001
C00011,2025-01-01,1,37.59,37.59,37.59,0,,
C00011,2025-02-01,1,39.57,-39.57,39.57,0,0.0,-77.16
C00011,2025-03-01,1,13.61,13.61,13.61,0,0.0,53.18
C00011,2025-04-01,1,177.93,177.93,177.93,0,0.0,164.32
C00011,2025-05-01,1,36.24,36.24,36.24,0,0.0,-141.69
C00011,2025-06-01,0,0.0,0.0,,0,-1.0,-36.24
C00011,2025-07-01,0,0.0,0.0,,0,0.0,0.0
C00011,2025-08-01,1,19.23,19.23,19.23,0,1.0,19.23
C00011,2025-09-01,1,81.33,81.33,81.33,0,0.0,62.099999999999994
C00011,2025-10-01,0,0.0,0.0,,0,-1.0,-81.33
C00011,2025-11-01,0,0.0,0.0,,0,0.0,0.0
C00011,2025-12-01,1,47.77,47.77,47.77,0,1.0,47.77
C00012,2025-02-01,1,112.13,112.13,112.13,0,,
C00012,2025-03-01,0,0.0,0.0,,0,-1.0,-112.13
C00012,2025-04-01,0,0.0,0.0,,0,0.0,0.0
C00012,2025-05-01,0,0.0,0.0,,0,0.0,0.0
C00012,2025-06-01,0,0.0,0.0,,0,0.0,0.0
C00012,2025-07-01,0,0.0,0.0,,0,0.0,0.0
C00012,2025-08-01,1,48.79,48.79,48.79,0,1.0,48.79
C00012,2025-09-01,0,0.0,0.0,,0,-1.0,-48.79
C00012,2025-10-01,0,0.0,0.0,,0,0.0,0.0
C00012,2025-11-01,0,0.0,0.0,,0,0.0,0.0
C00012,2025-12-01,1,17.31,17.31,17.31,0,1.0,17.31
C00013,2025-01-01,1,27.01,0.0,27.01,0,,
C00013,2025-02-01,2,198.57999999999998,198.57999999999998,99.28999999999999,0,1.0,198.57999999999998
C00013,2025-03-01,1,31.08,31.08,31.08,0,-1.0,-167.5
C00013,2025-04-01,1,86.06,0.0,86.06,0,0.0,-31.08
C00013,2025-05-01,0,0.0,0.0,,0,-1.0,0.0
C00013,2025-06-01,0,0.0,0.0,,0,0.0,0.0
C00013,2025-07-01,1,43.99,43.99,43.99,0,1.0,43.99
C00013,2025-08-01,0,0.0,0.0,,0,-1.0,-43.99
C00013,2025-09-01,0,0.0,0.0,,0,0.0,0.0
C00013,2025-10-01,1,33.56,33.56,33.56,0,1.0,33.56
C00013,2025-11-01,1,101.58,101.58,101.58,0,0.0,68.02
C00014,2025-02-01,1,19.63,19.63,19.63,0,,
C00014,2025-03-01,2,143.62,143.62,71.81,0,1.0,123.99000000000001
C00014,2025-04-01,0,0.0,0.0,,0,-2.0,-143.62
C00014,2025-05-01,0,0.0,0.0,,0,0.0,0.0
C00014,2025-06-01,0,0.0,0.0,,0,0.0,0.0
C00014,2025-07-01,1,64.08,64.08,64.08,0,1.0,64.08
C00014,2025-08-01,1,111.61,111.61,111.61,0,0.0,47.53
C00014,2025-09-01,1,47.7,47.7,47.7,0,0.0,-63.91
C00014,2025-10-01,1,106.88,106.88,106.88,0,0.0,59.17999999999999
C00014,2025-11-01,2,245.60000000000002,245.60000000000002,122.80000000000001,0,1.0,138.72000000000003
C00015,2025-01-01,5,202.36,202.36,40.472,0,,
C00015,2025-02-01,1,50.38,50.38,50.38,0,-4.0,-151.98000000000002
C00015,2025-03-01,1,36.32,36.32,36.32,0,0.0,-14.060000000000002
C00015,2025-04-01,0,0.0,0.0,,0,-1.0,-36.32
C00015,2025-05-01,1,46.6,46.6,46.6,0,1.0,46.6
C00015,2025-06-01,3,341.86,286.48,113.95333333333333,0,2.0,239.88000000000002
C00015,2025-07-01,0,0.0,0.0,,0,-3.0,-286.48
C00015,2025-08-01,2,157.55,157.55,78.775,0,2.0,157.55
C00015,2025-09-01,3,222.42000000000002,222.42000000000002,74.14,0,1.0,64.87
C00015,2025-10-01,2,106.35,106.35,53.175,0,-1.0,-116.07000000000002
C00015,2025-11-01,2,102.35,102.35,51.175,0,0.0,-4.0
C00015,2025-12-01,1,100.09,100.09,100.09,0,-1.0,-2.259999999999991
C00016,2025-02-01,1,18.7,18.7,18.7,0,,
C00016,2025-03-01,0,0.0,0.0,,0,-1.0,-18.7
C00016,2025-04-01,0,0.0,0.0,,0,0.0,0.0
C00016,2025-05-01,0,0.0,0.0,,0,0.0,0.0
C00016,2025-06-01,0,0.0,0.0,,0,0.0,0.0
C00016,2025-07-01,0,0.0,0.0,,0,0.0,0.0
C00016,2025-08-01,1,39.0,39.0,39.0,0,1.0,39.0
C00016,2025-09-01,0,0.0,0.0,,0,-1.0,-39.0
C00016,2025-10-01,0,0.0,0.0,,0,0.0,0.0
C00016,2025-11-01,0,0.0,0.0,,0,0.0,0.0
C00016,2025-12-01,1,45.72,45.72,45.72,0,1.0,45.72
C00017,2025-01-01,1,98.56,98.56,98.56,0,,
C00017,2025-02-01,1,411.95,411.95,411.95,0,0.0,313.39
C00017,2025-03-01,1,301.38,301.38,301.38,0,0.0,-110.57
C00017,2025-04-01,0,0.0,0.0,,0,-1.0,-301.38
C00017,2025-05-01,0,0.0,0.0,,0,0.0,0.0
C00017,2025-06-01,3,191.07999999999998,191.07999999999998,63.69333333333333,0,3.0,191.07999999999998
C00017,2025-07-01,1,1116.86,1116.86,1116.86,0,-2.0,925.78
C00017,2025-08-01,0,0.0,0.0,,0,-1.0,-1116.86
C00017,2025-09-01,0,0.0,0.0,,0,0.0,0.0
C00017,2025-10-01,2,326.28,326.28,163.14,0,2.0,326.28
C00018,2025-02-01,1,28.57,28.57,28.57,0,,
C00018,2025-03-01,0,0.0,0.0,,0,-1.0,-28.57
C00018,2025-04-01,2,381.94,381.94,190.97,0,2.0,381.94
C00018,2025-05-01,1,152.45,152.45,152.45,0,-1.0,-229.49
C00018,2025-06-01,3,285.73,285.73,95.24333333333334,0,2.0,133.28000000000003
C00018,2025-07-01,0,0.0,0.0,,0,-3.0,-285.73
C00018,2025-08-01,1,8.15,8.15,8.15,0,1.0,8.15
C00018,2025-09-01,1,29.95,29.95,29.95,0,0.0,21.799999999999997
C00018,2025-10-01,0,0.0,0.0,,0,-1.0,-29.95
C00018,2025-11-01,0,0.0,0.0,,0,0.0,0.0
C00018,2025-12-01,1,371.96,-371.96,371.96,0,1.0,-371.96
C00019,2025-01-01,2,31.99,31.99,15.995,0,,
C00019,2025-02-01,0,0.0,0.0,,0,-2.0,-31.99
C00019,2025-03-01,1,13.48,13.48,13.48,0,1.0,13.48
C00019,2025-04-01,0,0.0,0.0,,0,-1.0,-13.48
C00019,2025-05-01,0,0.0,0.0,,0,0.0,0.0
C00019,2025-06-01,0,0.0,0.0,,0,0.0,0.0
C00019,2025-07-01,1,82.42,82.42,82.42,0,1.0,82.42
C00019,2025-08-01,2,139.72,139.72,69.86,0,1.0,57.3
C00019,2025-09-01,0,0.0,0.0,,0,-2.0,-139.72
C00019,2025-10-01,0,0.0,0.0,,0,0.0,0.0
C00019,2025-11-01,2,28.64,28.64,14.32,0,2.0,28.64
C00019,2025-12-01,3,103.25999999999999,103.25999999999999,34.419999999999995,0,1.0,74.61999999999999
C00020,2025-03-01,1,32.23,32.23,32.23,0,,
C00020,2025-04-01,0,0.0,0.0,,0,-1.0,-32.23
C00020,2025-05-01,0,0.0,0.0,,0,0.0,0.0
C00020,2025-06-01,0,0.0,0.0,,0,0.0,0.0
C00020,2025-07-01,0,0.0,0.0,,0,0.0,0.0
C00020,2025-08-01,1,251.51,251.51,251.51,0,1.0,251.51
C00021,2025-01-01,1,207.32,207.32,207.32,0,,
C00021,2025-02-01,1,19.08,19.08,19.08,0,0.0,-188.24
C00021,2025-03-01,0,0.0,0.0,,0,-1.0,-19.08
C00021,2025-04-01,0,0.0,0.0,,0,0.0,0.0
C00021,2025-05-01,0,0.0,0.0,,0,0.0,0.0
C00021,2025-06-01,0,0.0,0.0,,0,0.0,0.0
C00021,2025-07-01,1,26.03,26.03,26.03,0,1.0,26.03
C00021,2025-08-01,1,179.03,179.03,179.03,0,0.0,153.0
C00021,2025-09-01,0,0.0,0.0,,0,-1.0,-179.03
C00021,2025-10-01,0,0.0,0.0,,0,0.0,0.0
C00021,2025-11-01,2,94.79,94.79,47.395,0,2.0,94.79
C00022,2025-01-01,1,22.39,22.39,22.39,0,,
C00022,2025-02-01,0,0.0,0.0,,0,-1.0,-22.39
C00022,2025-03-01,3,212.38,212.38,70.79333333333334,0,3.0,212.38
C00022,2025-04-01,2,78.52000000000001,78.52000000000001,39.260000000000005,0,-1.0,-133.85999999999999
C00022,2025-05-01,0,0.0,0.0,,0,-2.0,-78.52000000000001
C00022,2025-06-01,1,202.71,202.71,202.71,0,1.0,202.71
C00022,2025-07-01,0,0.0,0.0,,0,-1.0,-202.71
C00022,2025-08-01,2,193.78000000000003,193.78000000000003,96.89000000000001,0,2.0,193.78000000000003
C00022,2025-09-01,2,176.76,27.0,88.38,0,0.0,-166.78000000000003
C00022,2025-10-01,2,184.88,184.88,92.44,0,0.0,157.88
C00022,2025-11-01,1,173.47,173.47,173.47,0,-1.0,-11.409999999999997
C00022,2025-12-01,3,175.10999999999999,175.10999999999999,58.37,0,2.0,1.6399999999999864
C00023,2025-04-01,1,80.9,80.9,80.9,0,,
C00023,2025-05-01,0,0.0,0.0,,0,-1.0,-80.9
C00023,2025-06-01,0,0.0,0.0,,0,0.0,0.0
C00023,2025-07-01,1,26.17,26.17,26.17,0,1.0,26.17
C00023,2025-08-01,3,107.03999999999999,107.03999999999999,35.68,0,2.0,80.86999999999999
C00023,2025-09-01,0,0.0,0.0,,0,-3.0,-107.03999999999999
C00023,2025-10-01,0,0.0,0.0,,0,0.0,0.0
C00023,2025-11-01,1,28.26,-28.26,28.26,0,1.0,-28.26
C00024,2025-01-01,2,354.97,354.97,177.485,0,,
C00024,2025-02-01,1,41.18,41.18,41.18,0,-1.0,-313.79
C00024,2025-03-01,2,68.19,68.19,34.095,0,1.0,27.009999999999998
C00024,2025-04-01,0,0.0,0.0,,0,-2.0,-68.19
C00024,2025-05-01,0,0.0,0.0,,0,0.0,0.0
C00024,2025-06-01,0,0.0,0.0,,0,0.0,0.0
C00024,2025-07-01,0,0.0,0.0,,0,0.0,0.0
C00024,2025-08-01,1,27.1,27.1,27.1,0,1.0,27.1
C00024,2025-09-01,2,568.6800000000001,310.21,284.34000000000003,0,1.0,283.10999999999996
C00024,2025-10-01,0,0.0,0.0,,0,-2.0,-310.21
C00024,2025-11-01,0,0.0,0.0,,0,0.0,0.0
C00024,2025-12-01,2,108.1,108.1,54.05,0,2.0,108.1
C00025,2025-03-01,1,15.52,15.52,15.52,0,,
C00025,2025-04-01,1,22.15,22.15,22.15,0,0.0,6.629999999999999
C00025,2025-05-01,0,0.0,0.0,,0,-1.0,-22.15
C00025,2025-06-01,0,0.0,0.0,,0,0.0,0.0
C00025,2025-07-01,3,210.7,210.7,70.23333333333333,0,3.0,210.7
C00025,2025-08-01,1,39.92,39.92,39.92,0,-2.0,-170.77999999999997
C00025,2025-09-01,0,0.0,0.0,,0,-1.0,-39.92
C00025,2025-10-01,0,0.0,0.0,,0,0.0,0.0
C00025,2025-11-01,1,61.32,61.32,61.32,0,1.0,61.32
C00026,2025-01-01,1,320.41,320.41,320.41,0,,
C00026,2025-02-01,0,0.0,0.0,,0,-1.0,-320.41
C00026,2025-03-01,0,0.0,0.0,,0,0.0,0.0
C00026,2025-04-01,0,0.0,0.0,,0,0.0,0.0
C00026,2025-05-01,0,0.0,0.0,,0,0.0,0.0
C00026,2025-06-01,0,0.0,0.0,,0,0.0,0.0
C00026,2025-07-01,0,0.0,0.0,,0,0.0,0.0
C00026,2025-08-01,1,318.08,318.08,318.08,0,1.0,318.08
C00026,2025-09-01,0,0.0,0.0,,0,-1.0,-318.08
C00026,2025-10-01,0,0.0,0.0,,0,0.0,0.0
C00026,2025-11-01,0,0.0,0.0,,0,0.0,0.0
C00026,2025-12-01,1,23.64,23.64,23.64,0,1.0,23.64
C00027,2025-01-01,3,238.57999999999998,238.57999999999998,79.52666666666666,0,,
C00027,2025-02-01,1,78.03,78.03,78.03,0,-2.0,-160.54999999999998
C00027,2025-03-01,3,373.89,257.18,124.63,0,2.0,179.15
C00027,2025-04-01,1,29.58,29.58,29.58,0,-2.0,-227.60000000000002
C00027,2025-05-01,0,0.0,0.0,,0,-1.0,-29.58
C00027,2025-06-01,0,0.0,0.0,,0,0.0,0.0
C00027,2025-07-01,1,1175.9,1175.9,1175.9,1,1.0,1175.9
C00027,2025-08-01,0,0.0,0.0,,0,-1.0,-1175.9
C00027,2025-09-01,2,225.82,225.82,112.91,0,2.0,225.82
C00027,2025-10-01,0,0.0,0.0,,0,-2.0,-225.82
C00027,2025-11-01,1,42.5,42.5,42.5,0,1.0,42.5
C00027,2025-12-01,1,67.23,67.23,67.23,0,0.0,24.730000000000004
C00028,2025-01-01,1,59.91,59.91,59.91,0,,
C00028,2025-02-01,1,15.22,15.22,15.22,0,0.0,-44.69
C00028,2025-03-01,1,34.35,34.35,34.35,0,0.0,19.130000000000003
C00028,2025-04-01,0,0.0,0.0,,0,-1.0,-34.35
C00028,2025-05-01,2,204.2,204.2,102.1,0,2.0,204.2
C00028,2025-06-01,3,93.89,93.89,31.296666666666667,0,1.0,-110.30999999999999
C00028,2025-07-01,4,273.96,273.96,68.49,0,1.0,180.07
C00028,2025-08-01,4,583.91,455.53,145.9775,0,0.0,181.57
C00028,2025-09-01,0,0.0,0.0,,0,-4.0,-455.53
C00028,2025-10-01,0,0.0,0.0,,0,0.0,0.0
C00028,2025-11-01,1,266.24,266.24,266.24,0,1.0,266.24
C00029,2025-02-01,2,366.4,-149.0,183.2,0,,
C00029,2025-03-01,0,0.0,0.0,,0,-2.0,149.0
C00029,2025-04-01,0,0.0,0.0,,0,0.0,0.0
C00029,2025-05-01,0,0.0,0.0,,0,0.0,0.0
C00029,2025-06-01,0,0.0,0.0,,0,0.0,0.0
C00029,2025-07-01,0,0.0,0.0,,0,0.0,0.0
C00029,2025-08-01,2,129.5,129.5,64.75,0,2.0,129.5
C00029,2025-09-01,1,198.07,198.07,198.07,0,-1.0,68.57
C00030,2025-01-01,1,72.67,72.67,72.67,0,,
C00030,2025-02-01,0,0.0,0.0,,0,-1.0,-72.67
C00030,2025-03-01,0,0.0,0.0,,0,0.0,0.0
C00030,2025-04-01,1,46.64,46.64,46.64,0,1.0,46.64
C00030,2025-05-01,1,51.66,51.66,51.66,0,0.0,5.019999999999996
C00030,2025-06-01,1,200.28,200.28,200.28,0,0.0,148.62
C00030,2025-07-01,0,0.0,0.0,,0,-1.0,-200.28
C00030,2025-08-01,1,152.67,152.67,152.67,0,1.0,152.67
C00030,2025-09-01,2,423.62,273.32000000000005,211.81,0,1.0,120.65000000000006
C00031,2025-02-01,1,45.47,45.47,45.47,0,,
C00031,2025-03-01,2,127.31,127.31,63.655,0,1.0,81.84
C00031,2025-04-01,1,50.1,50.1,50.1,0,-1.0,-77.21000000000001
C00031,2025-05-01,0,0.0,0.0,,0,-1.0,-50.1
C00031,2025-06-01,1,145.97,145.97,145.97,0,1.0,145.97
C00031,2025-07-01,0,0.0,0.0,,0,-1.0,-145.97
C00031,2025-08-01,2,125.59,125.59,62.795,0,2.0,125.59
C00031,2025-09-01,0,0.0,0.0,,0,-2.0,-125.59
C00031,2025-10-01,1,51.25,51.25,51.25,0,1.0,51.25
C00032,2025-02-01,3,252.19000000000003,252.19000000000003,84.06333333333335,0,,
C00032,2025-03-01,0,0.0,0.0,,0,-3.0,-252.19000000000003
C00032,2025-04-01,1,757.88,757.88,757.88,0,1.0,757.88
C00032,2025-05-01,0,0.0,0.0,,0,-1.0,-757.88
C00032,2025-06-01,3,74.02,74.02,24.673333333333332,0,3.0,74.02
C00032,2025-07-01,1,77.61,-77.61,77.61,0,-2.0,-151.63
C00032,2025-08-01,0,0.0,0.0,,0,-1.0,77.61
C00032,2025-09-01,0,0.0,0.0,,0,0.0,0.0
C00032,2025-10-01,0,0.0,0.0,,0,0.0,0.0
C00032,2025-11-01,2,167.0,167.0,83.5,0,2.0,167.0
C00032,2025-12-01,1,37.83,37.83,37.83,0,-1.0,-129.17000000000002
C00033,2025-07-01,1,132.73,-132.73,132.73,0,,
C00033,2025-08-01,2,90.41,90.41,45.205,0,1.0,223.14
C00033,2025-09-01,0,0.0,0.0,,0,-2.0,-90.41
C00033,2025-10-01,0,0.0,0.0,,0,0.0,0.0
C00033,2025-11-01,1,21.99,21.99,21.99,0,1.0,21.99
C00034,2025-01-01,4,65.62,65.62,16.405,0,,
C00034,2025-02-01,1,10.16,10.16,10.16,0,-3.0,-55.46000000000001
C00034,2025-03-01,0,0.0,0.0,,0,-1.0,-10.16
C00034,2025-04-01,0,0.0,0.0,,0,0.0,0.0
C00034,2025-05-01,2,37.67,37.67,18.835,0,2.0,37.67
C00034,2025-06-01,1,9.35,9.35,9.35,0,-1.0,-28.32
C00034,2025-07-01,2,35.04,35.04,17.52,0,1.0,25.689999999999998
C00034,2025-08-01,0,0.0,0.0,,0,-2.0,-35.04
C00034,2025-09-01,0,0.0,0.0,,0,0.0,0.0
C00034,2025-10-01,0,0.0,0.0,,0,0.0,0.0
C00034,2025-11-01,0,0.0,0.0,,0,0.0,0.0
C00034,2025-12-01,4,71.76,71.76,17.94,0,4.0,71.76
C00035,2025-01-01,1,17.95,17.95,17.95,0,,
C00035,2025-02-01,0,0.0,0.0,,0,-1.0,-17.95
C00035,2025-03-01,1,11.35,11.35,11.35,0,1.0,11.35
C00035,2025-04-01,1,26.19,26.19,26.19,0,0.0,14.840000000000002
C00035,2025-05-01,1,11.65,11.65,11.65,0,0.0,-14.540000000000001
C00035,2025-06-01,1,28.23,28.23,28.23,0,0.0,16.58
C00035,2025-07-01,1,2.89,2.89,2.89,0,0.0,-25.34
C00035,2025-08-01,3,51.349999999999994,34.61,17.116666666666664,0,2.0,31.72
C00035,2025-09-01,1,10.83,10.83,10.83,0,-2.0,-23.78
C00035,2025-10-01,4,69.87,69.87,17.4675,0,3.0,59.040000000000006
C00035,2025-11-01,0,0.0,0.0,,0,-4.0,-69.87
C00035,2025-12-01,1,17.58,17.58,17.58,0,1.0,17.58
C00036,2025-01-01,3,121.28,28.680000000000007,40.42666666666667,0,,
C00036,2025-02-01,3,180.68,180.68,60.22666666666667,0,0.0,152.0
C00036,2025-03-01,1,30.73,30.73,30.73,0,-2.0,-149.95000000000002
C00036,2025-04-01,1,27.63,27.63,27.63,0,0.0,-3.1000000000000014
C00036,2025-05-01,3,144.5,144.5,48.166666666666664,0,2.0,116.87
C00036,2025-06-01,1,43.31,43.31,43.31,0,-2.0,-101.19
C00036,2025-07-01,0,0.0,0.0,,0,-1.0,-43.31
C00036,2025-08-01,0,0.0,0.0,,0,0.0,0.0
C00036,2025-09-01,2,45.39,45.39,22.695,0,2.0,45.39
C00036,2025-10-01,2,24.82,24.82,12.41,0,0.0,-20.57
C00036,2025-11-01,1,39.81,39.81,39.81,0,-1.0,14.990000000000002
C00036,2025-12-01,2,97.77,97.77,48.885,0,1.0,57.959999999999994
C00037,2025-02-01,4,356.56,356.56,89.14,0,,
C00037,2025-03-01,3,234.24,120.56,78.08,0,-1.0,-236.0
C00037,2025-04-01,0,0.0,0.0,,0,-3.0,-120.56
C00037,2025-05-01,1,39.8,39.8,39.8,0,1.0,39.8
C00037,2025-06-01,1,110.81,110.81,110.81,0,0.0,71.01
C00037,2025-07-01,0,0.0,0.0,,0,-1.0,-110.81
C00037,2025-08-01,1,37.59,37.59,37.59,0,1.0,37.59
C00037,2025-09-01,2,74.72999999999999,74.72999999999999,37.364999999999995,0,1.0,37.139999999999986
C00037,2025-10-01,0,0.0,0.0,,0,-2.0,-74.72999999999999
C00037,2025-11-01,2,34.83,34.83,17.415,0,2.0,34.83
C00037,2025-12-01,3,150.11,150.11,50.03666666666667,0,1.0,115.28000000000002
C00038,2025-02-01,1,267.56,267.56,267.56,0,,
C00038,2025-03-01,2,111.36,111.36,55.68,0,1.0,-156.2
C00038,2025-04-01,1,230.07,230.07,230.07,0,-1.0,118.71
C00038,2025-05-01,0,0.0,0.0,,0,-1.0,-230.07
C00038,2025-06-01,0,0.0,0.0,,0,0.0,0.0
C00038,2025-07-01,0,0.0,0.0,,0,0.0,0.0
C00038,2025-08-01,2,88.47999999999999,88.47999999999999,44.239999999999995,0,2.0,88.47999999999999
C00038,2025-09-01,0,0.0,0.0,,0,-2.0,-88.47999999999999
C00038,2025-10-01,1,27.35,27.35,27.35,0,1.0,27.35
C00038,2025-11-01,1,25.18,25.18,25.18,0,0.0,-2.1700000000000017
C00039,2025-08-01,3,171.19,171.19,57.06333333333333,0,,
C00039,2025-09-01,0,0.0,0.0,,0,-3.0,-171.19
C00039,2025-10-01,0,0.0,0.0,,0,0.0,0.0
C00039,2025-11-01,0,0.0,0.0,,0,0.0,0.0
C00039,2025-12-01,1,54.81,54.81,54.81,0,1.0,54.81
C00040,2025-02-01,2,33.46,33.46,16.73,0,,
C00040,2025-03-01,1,30.85,30.85,30.85,0,-1.0,-2.6099999999999994
C00040,2025-04-01,0,0.0,0.0,,0,-1.0,-30.85
C00040,2025-05-01,0,0.0,0.0,,0,0.0,0.0
C00040,2025-06-01,0,0.0,0.0,,0,0.0,0.0
C00040,2025-07-01,1,104.69,104.69,104.69,0,1.0,104.69
C00040,2025-08-01,0,0.0,0.0,,0,-1.0,-104.69
C00040,2025-09-01,0,0.0,0.0,,0,0.0,0.0
C00040,2025-10-01,1,70.36,70.36,70.36,0,1.0,70.36
C00040,2025-11-01,0,0.0,0.0,,0,-1.0,-70.36
C00040,2025-12-01,4,207.36,207.36,51.84,0,4.0,207.36
C00041,2025-01-01,2,87.96,87.96,43.98,0,,
C00041,2025-02-01,0,0.0,0.0,,0,-2.0,-87.96
C00041,2025-03-01,0,0.0,0.0,,0,0.0,0.0
C00041,2025-04-01,0,0.0,0.0,,0,0.0,0.0
C00041,2025-05-01,2,60.06,60.06,30.03,0,2.0,60.06
C00041,2025-06-01,0,0.0,0.0,,0,-2.0,-60.06
C00041,2025-07-01,0,0.0,0.0,,0,0.0,0.0
C00041,2025-08-01,1,39.52,39.52,39.52,0,1.0,39.52
C00041,2025-09-01,1,41.46,41.46,41.46,0,0.0,1.9399999999999977
C00041,2025-10-01,0,0.0,0.0,,0,-1.0,-41.46
C00041,2025-11-01,1,42.74,42.74,42.74,0,1.0,42.74
C00041,2025-12-01,1,17.88,17.88,17.88,0,0.0,-24.860000000000003
C00042,2025-01-01,3,747.75,747.75,249.25,1,,
C00042,2025-02-01,0,0.0,0.0,,0,-3.0,-747.75
C00042,2025-03-01,0,0.0,0.0,,0,0.0,0.0
C00042,2025-04-01,0,0.0,0.0,,0,0.0,0.0
C00042,2025-05-01,0,0.0,0.0,,0,0.0,0.0
C00042,2025-06-01,0,0.0,0.0,,0,0.0,0.0
C00042,2025-07-01,1,68.31,68.31,68.31,0,1.0,68.31
C00042,2025-08-01,1,84.48,84.48,84.48,0,0.0,16.17
C00042,2025-09-01,0,0.0,0.0,,0,-1.0,-84.48
C00042,2025-10-01,1,58.77,58.77,58.77,0,1.0,58.77
C00042,2025-11-01,2,235.84,78.70000000000002,117.92,0,1.0,19.930000000000014
C00042,2025-12-01,3,320.02,277.93,106.67333333333333,0,1.0,199.23
C00043,2025-02-01,4,428.79999999999995,428.79999999999995,107.19999999999999,0,,
C00043,2025-03-01,1,57.44,57.44,57.44,0,-3.0,-371.35999999999996
C00043,2025-04-01,0,0.0,0.0,,0,-1.0,-57.44
C00043,2025-05-01,0,0.0,0.0,,0,0.0,0.0
C00043,2025-06-01,0,0.0,0.0,,0,0.0,0.0
C00043,2025-07-01,0,0.0,0.0,,0,0.0,0.0
C00043,2025-08-01,0,0.0,0.0,,0,0.0,0.0
C00043,2025-09-01,0,0.0,0.0,,0,0.0,0.0
C00043,2025-10-01,1,57.88,57.88,57.88,0,1.0,57.88
C00043,2025-11-01,0,0.0,0.0,,0,-1.0,-57.88
C00043,2025-12-01,1,119.88,119.88,119.88,0,1.0,119.88
C00044,2025-01-01,1,19.83,19.83,19.83,0,,
C00044,2025-02-01,0,0.0,0.0,,0,-1.0,-19.83
C00044,2025-03-01,2,155.06,155.06,77.53,0,2.0,155.06
C00044,2025-04-01,3,313.06,313.06,104.35333333333334,0,1.0,158.0
C00044,2025-05-01,0,0.0,0.0,,0,-3.0,-313.06
C00044,2025-06-01,2,106.95,106.95,53.475,0,2.0,106.95
C00044,2025-07-01,2,90.33,90.33,45.165,0,0.0,-16.620000000000005
C00044,2025-08-01,1,118.48,118.48,118.48,0,-1.0,28.150000000000006
C00044,2025-09-01,1,118.0,118.0,118.0,0,0.0,-0.480000000000004
C00044,2025-10-01,1,254.93,254.93,254.93,0,0.0,136.93
C00044,2025-11-01,3,519.67,519.67,173.22333333333333,0,2.0,264.73999999999995
C00044,2025-12-01,1,140.65,140.65,140.65,0,-2.0,-379.02
C00045,2025-01-01,1,246.42,246.42,246.42,0,,
C00045,2025-02-01,1,88.15,88.15,88.15,0,0.0,-158.26999999999998
C00045,2025-03-01,0,0.0,0.0,,0,-1.0,-88.15
C00045,2025-04-01,1,85.87,85.87,85.87,0,1.0,85.87
C00045,2025-05-01,2,67.11,67.11,33.555,0,1.0,-18.760000000000005
C00045,2025-06-01,0,0.0,0.0,,0,-2.0,-67.11
C00045,2025-07-01,1,70.18,70.18,70.18,0,1.0,70.18
C00045,2025-08-01,1,52.16,52.16,52.16,0,0.0,-18.02000000000001
C00045,2025-09-01,0,0.0,0.0,,0,-1.0,-52.16
C00045,2025-10-01,2,170.55,170.55,85.275,0,2.0,170.55
C00046,2025-04-01,1,24.27,24.27,24.27,0,,
C00046,2025-05-01,0,0.0,0.0,,0,-1.0,-24.27
C00046,2025-06-01,0,0.0,0.0,,0,0.0,0.0
C00046,2025-07-01,1,23.3,23.3,23.3,0,1.0,23.3
C00047,2025-01-01,2,86.17,86.17,43.085,0,,
C00047,2025-02-01,1,169.26,169.26,169.26,0,-1.0,83.08999999999999
C00047,2025-03-01,1,120.11,120.11,120.11,0,0.0,-49.14999999999999
C00047,2025-04-01,3,216.94,216.94,72.31333333333333,0,2.0,96.83
C00047,2025-05-01,2,260.68,260.68,130.34,0,-1.0,43.74000000000001
C00047,2025-06-01,0,0.0,0.0,,0,-2.0,-260.68
C00047,2025-07-01,4,1005.4000000000001,778.54,251.35000000000002,0,4.0,778.54
C00047,2025-08-01,1,125.57,-125.57,125.57,0,-3.0,-904.1099999999999
C00047,2025-09-01,1,53.83,53.83,53.83,0,0.0,179.39999999999998
C00047,2025-10-01,2,232.98,232.98,116.49,0,1.0,179.14999999999998
C00047,2025-11-01,2,118.79,118.79,59.395,0,0.0,-114.18999999999998
C00047,2025-12-01,1,68.93,68.93,68.93,0,-1.0,-49.86
C00048,2025-01-01,1,18.12,18.12,18.12,0,,
C00048,2025-02-01,1,22.95,22.95,22.95,0,0.0,4.829999999999998
C00048,2025-03-01,0,0.0,0.0,,0,-1.0,-22.95
C00048,2025-04-01,1,37.27,37.27,37.27,0,1.0,37.27
C00048,2025-05-01,1,28.1,28.1,28.1,0,0.0,-9.170000000000002
C00048,2025-06-01,2,18.66,18.66,9.33,0,1.0,-9.440000000000001
C00048,2025-07-01,0,0.0,0.0,,0,-2.0,-18.66
C00048,2025-08-01,0,0.0,0.0,,0,0.0,0.0
C00048,2025-09-01,3,70.35,70.35,23.45,0,3.0,70.35
C00048,2025-10-01,2,80.25,80.25,40.125,0,-1.0,9.900000000000006
C00048,2025-11-01,0,0.0,0.0,,0,-2.0,-80.25
C00048,2025-12-01,1,39.77,39.77,39.77,0,1.0,39.77
C00049,2025-01-01,2,24.58,24.58,12.29,0,,
C00049,2025-02-01,1,16.69,16.69,16.69,0,-1.0,-7.889999999999997
C00049,2025-03-01,0,0.0,0.0,,0,-1.0,-16.69
C00049,2025-04-01,2,28.659999999999997,28.659999999999997,14.329999999999998,0,2.0,28.659999999999997
C00049,2025-05-01,0,0.0,0.0,,0,-2.0,-28.659999999999997
C00049,2025-06-01,0,0.0,0.0,,0,0.0,0.0
C00049,2025-07-01,1,25.58,25.58,25.58,0,1.0,25.58
C00049,2025-08-01,4,41.58,31.39,10.395,0,3.0,5.810000000000002
C00049,2025-09-01,1,16.36,16.36,16.36,0,-3.0,-15.030000000000001
C00049,2025-10-01,2,33.61,33.61,16.805,0,1.0,17.25
C00049,2025-11-01,1,9.84,9.84,9.84,0,-1.0,-23.77
C00049,2025-12-01,4,88.09,88.09,22.0225,0,3.0,78.25
C00050,2025-01-01,1,65.3,65.3,65.3,0,,
C00050,2025-02-01,1,264.26,264.26,264.26,0,0.0,198.95999999999998
C00050,2025-03-01,1,30.55,30.55,30.55,0,0.0,-233.70999999999998
C00050,2025-04-01,2,1007.3599999999999,1007.3599999999999,503.67999999999995,0,1.0,976.81
C00050,2025-05-01,1,180.46,180.46,180.46,0,-1.0,-826.8999999999999
C00050,2025-06-01,2,222.76000000000002,222.76000000000002,111.38000000000001,0,1.0,42.30000000000001
C00050,2025-07-01,0,0.0,0.0,,0,-2.0,-222.76000000000002
C00050,2025-08-01,2,153.57,153.57,76.785,0,2.0,153.57
C00050,2025-09-01,0,0.0,0.0,,0,-2.0,-153.57
C00050,2025-10-01,0,0.0,0.0,,0,0.0,0.0
C00050,2025-11-01,2,994.6999999999999,994.6999999999999,497.34999999999997,0,2.0,994.6999999999999
C00050,2025-12-01,1,34.83,34.83,34.83,0,-1.0,-959.8699999999999
C00051,2025-02-01,2,431.8,431.8,215.9,1,,
C00051,2025-03-01,1,324.38,324.38,324.38,0,-1.0,-107.42000000000002
C00051,2025-04-01,1,209.35,209.35,209.35,0,0.0,-115.03
C00051,2025-05-01,3,372.76,372.76,124.25333333333333,0,2.0,163.41
C00051,2025-06-01,1,60.57,60.57,60.57,0,-2.0,-312.19
C00051,2025-07-01,2,218.74,218.74,109.37,1,1.0,158.17000000000002
C00051,2025-08-01,1,34.69,34.69,34.69,0,-1.0,-184.05
C00052,2025-02-01,1,88.01,88.01,88.01,0,,
C00052,2025-03-01,2,155.53,155.53,77.765,0,1.0,67.52
C00052,2025-04-01,0,0.0,0.0,,0,-2.0,-155.53
C00052,2025-05-01,2,220.06,220.06,110.03,0,2.0,220.06
C00052,2025-06-01,0,0.0,0.0,,0,-2.0,-220.06
C00052,2025-07-01,0,0.0,0.0,,0,0.0,0.0
C00052,2025-08-01,0,0.0,0.0,,0,0.0,0.0
C00052,2025-09-01,1,44.7,44.7,44.7,0,1.0,44.7
C00052,2025-10-01,2,366.5,366.5,183.25,0,1.0,321.8
C00052,2025-11-01,3,224.87,224.87,74.95666666666666,0,1.0,-141.63
C00052,2025-12-01,3,369.01,369.01,123.00333333333333,0,0.0,144.14
C00053,2025-06-01,1,106.26,106.26,106.26,0,,
C00053,2025-07-01,0,0.0,0.0,,0,-1.0,-106.26
C00053,2025-08-01,0,0.0,0.0,,0,0.0,0.0
C00053,2025-09-01,0,0.0,0.0,,0,0.0,0.0
C00053,2025-10-01,1,343.04,343.04,343.04,0,1.0,343.04
C00053,2025-11-01,0,0.0,0.0,,0,-1.0,-343.04
C00053,2025-12-01,1,43.7,43.7,43.7,0,1.0,43.7
C00054,2025-01-01,2,108.88,108.88,54.44,0,,
C00054,2025-02-01,2,175.95,94.25,87.975,0,0.0,-14.629999999999995
C00054,2025-03-01,0,0.0,0.0,,0,-2.0,-94.25
C00054,2025-04-01,2,1427.8799999999999,1427.8799999999999,713.9399999999999,1,2.0,1427.8799999999999
C00054,2025-05-01,0,0.0,0.0,,0,-2.0,-1427.8799999999999
C00054,2025-06-01,1,26.49,26.49,26.49,0,1.0,26.49
C00054,2025-07-01,0,0.0,0.0,,0,-1.0,-26.49
C00054,2025-08-01,0,0.0,0.0,,0,0.0,0.0
C00054,2025-09-01,0,0.0,0.0,,0,0.0,0.0
C00054,2025-10-01,4,168.58,168.58,42.145,0,4.0,168.58
C00054,2025-11-01,0,0.0,0.0,,0,-4.0,-168.58
C00054,2025-12-01,1,150.75,150.75,150.75,0,1.0,150.75
C00055,2025-01-01,2,528.9100000000001,528.9100000000001,264.45500000000004,0,,
C00055,2025-02-01,0,0.0,0.0,,0,-2.0,-528.9100000000001
C00055,2025-03-01,0,0.0,0.0,,0,0.0,0.0
C00055,2025-04-01,2,246.88,246.88,123.44,0,2.0,246.88
C00055,2025-05-01,0,0.0,0.0,,0,-2.0,-246.88
C00055,2025-06-01,0,0.0,0.0,,0,0.0,0.0
C00055,2025-07-01,0,0.0,0.0,,0,0.0,0.0
C00055,2025-08-01,0,0.0,0.0,,0,0.0,0.0
C00055,2025-09-01,1,828.91,828.91,828.91,0,1.0,828.91
C00056,2025-01-01,1,31.13,31.13,31.13,0,,
C00056,2025-02-01,1,34.28,34.28,34.28,0,0.0,3.150000000000002
C00056,2025-03-01,0,0.0,0.0,,0,-1.0,-34.28
C00056,2025-04-01,1,16.11,16.11,16.11,0,1.0,16.11
C00056,2025-05-01,0,0.0,0.0,,0,-1.0,-16.11
C00056,2025-06-01,0,0.0,0.0,,0,0.0,0.0
C00056,2025-07-01,1,29.41,29.41,29.41,0,1.0,29.41
C00056,2025-08-01,0,0.0,0.0,,0,-1.0,-29.41
C00056,2025-09-01,1,112.96,112.96,112.96,0,1.0,112.96
C00057,2025-04-01,2,553.65,407.97,276.825,0,,
C00057,2025-05-01,0,0.0,0.0,,0,-2.0,-407.97
C00057,2025-06-01,2,74.87,74.87,37.435,0,2.0,74.87
C00057,2025-07-01,0,0.0,0.0,,0,-2.0,-74.87
C00057,2025-08-01,1,54.81,54.81,54.81,0,1.0,54.81
C00057,2025-09-01,0,0.0,0.0,,0,-1.0,-54.81
C00057,2025-10-01,0,0.0,0.0,,0,0.0,0.0
C00057,2025-11-01,1,26.45,0.0,26.45,0,1.0,0.0
C00057,2025-12-01,1,233.73,233.73,233.73,0,0.0,233.73
C00058,2025-01-01,4,132.9,20.560000000000002,33.225,0,,
C00058,2025-02-01,2,123.37,123.37,61.685,0,-2.0,102.81
C00058,2025-03-01,1,7.64,7.64,7.64,0,-1.0,-115.73
C00058,2025-04-01,4,168.28,168.28,42.07,0,3.0,160.64000000000001
C00058,2025-05-01,2,49.58,49.58,24.79,0,-2.0,-118.7
C00058,2025-06-01,2,117.2,117.2,58.6,0,0.0,67.62
C00058,2025-07-01,0,0.0,0.0,,0,-2.0,-117.2
C00058,2025-08-01,2,65.65,65.65,32.825,1,2.0,65.65
C00058,2025-09-01,0,0.0,0.0,,0,-2.0,-65.65
C00058,2025-10-01,3,260.99,79.29,86.99666666666667,0,3.0,79.29
C00058,2025-11-01,0,0.0,0.0,,0,-3.0,-79.29
C00058,2025-12-01,2,74.35,74.35,37.175,0,2.0,74.35
C00059,2025-03-01,1,9.21,9.21,9.21,0,,
C00059,2025-04-01,0,0.0,0.0,,0,-1.0,-9.21
C00059,2025-05-01,0,0.0,0.0,,0,0.0,0.0
C00059,2025-06-01,0,0.0,0.0,,0,0.0,0.0
C00059,2025-07-01,0,0.0,0.0,,0,0.0,0.0
C00059,2025-08-01,0,0.0,0.0,,0,0.0,0.0
C00059,2025-09-01,0,0.0,0.0,,0,0.0,0.0
C00059,2025-10-01,1,35.15,35.15,35.15,0,1.0,35.15
C00060,2025-03-01,4,1064.6999999999998,1064.6999999999998,266.17499999999995,0,,
C00060,2025-04-01,0,0.0,0.0,,0,-4.0,-1064.6999999999998
C00060,2025-05-01,0,0.0,0.0,,0,0.0,0.0
C00060,2025-06-01,1,571.0,571.0,571.0,0,1.0,571.0
C00060,2025-07-01,0,0.0,0.0,,0,-1.0,-571.0
C00060,2025-08-01,1,248.72,248.72,248.72,0,1.0,248.72
C00060,2025-09-01,0,0.0,0.0,,0,-1.0,-248.72
C00060,2025-10-01,1,1573.3,1573.3,1573.3,0,1.0,1573.3
C00060,2025-11-01,2,269.25,269.25,134.625,0,1.0,-1304.05
C00061,2025-01-01,2,185.06,185.06,92.53,0,,
C00061,2025-02-01,2,223.56,223.56,111.78,0,0.0,38.5
C00061,2025-03-01,1,26.23,-26.23,26.23,0,-1.0,-249.79
C00061,2025-04-01,0,0.0,0.0,,0,-1.0,26.23
C00061,2025-05-01,0,0.0,0.0,,0,0.0,0.0
C00061,2025-06-01,3,371.28,371.28,123.75999999999999,0,3.0,371.28
C00061,2025-07-01,0,0.0,0.0,,0,-3.0,-371.28
C00061,2025-08-01,0,0.0,0.0,,0,0.0,0.0
C00061,2025-09-01,0,0.0,0.0,,0,0.0,0.0
C00061,2025-10-01,1,70.55,70.55,70.55,0,1.0,70.55
C00061,2025-11-01,0,0.0,0.0,,0,-1.0,-70.55
C00061,2025-12-01,1,248.64,248.64,248.64,0,1.0,248.64
C00062,2025-03-01,1,100.67,100.67,100.67,0,,
C00062,2025-04-01,1,296.71,296.71,296.71,0,0.0,196.03999999999996
C00062,2025-05-01,1,159.06,159.06,159.06,0,0.0,-137.64999999999998
C00062,2025-06-01,0,0.0,0.0,,0,-1.0,-159.06
C00062,2025-07-01,2,215.64,215.64,107.82,0,2.0,215.64
C00062,2025-08-01,0,0.0,0.0,,0,-2.0,-215.64
C00062,2025-09-01,2,191.03,191.03,95.515,0,2.0,191.03
C00062,2025-10-01,2,207.4,207.4,103.7,0,0.0,16.370000000000005
C00063,2025-04-01,1,180.02,180.02,180.02,0,,
C00063,2025-05-01,1,45.0,45.0,45.0,0,0.0,-135.02
C00063,2025-06-01,1,28.76,28.76,28.76,0,0.0,-16.24
C00063,2025-07-01,0,0.0,0.0,,0,-1.0,-28.76
C00063,2025-08-01,0,0.0,0.0,,0,0.0,0.0
C00063,2025-09-01,1,136.95,136.95,136.95,0,1.0,136.95
C00064,2025-02-01,2,199.75,-24.289999999999992,99.875,0,,
C00064,2025-03-01,4,438.68,438.68,109.67,0,2.0,462.97
C00064,2025-04-01,5,565.33,565.33,113.066,0,1.0,126.65000000000003
C00064,2025-05-01,0,0.0,0.0,,0,-5.0,-565.33
C00064,2025-06-01,0,0.0,0.0,,0,0.0,0.0
C00064,2025-07-01,2,108.47999999999999,108.47999999999999,54.239999999999995,0,2.0,108.47999999999999
C00064,2025-08-01,3,181.73,11.569999999999993,60.57666666666666,0,1.0,-96.91
C00065,2025-02-01,1,166.13,166.13,166.13,0,,
C00065,2025-03-01,0,0.0,0.0,,0,-1.0,-166.13
C00065,2025-04-01,0,0.0,0.0,,0,0.0,0.0
C00065,2025-05-01,2,123.19,123.19,61.595,0,2.0,123.19
C00065,2025-06-01,1,31.74,31.74,31.74,0,-1.0,-91.45
C00066,2025-01-01,4,538.4,538.4,134.6,0,,
C00066,2025-02-01,0,0.0,0.0,,0,-4.0,-538.4
C00066,2025-03-01,2,103.53999999999999,103.53999999999999,51.769999999999996,0,2.0,103.53999999999999
C00066,2025-04-01,1,139.31,139.31,139.31,0,-1.0,35.77000000000001
C00066,2025-05-01,0,0.0,0.0,,0,-1.0,-139.31
C00066,2025-06-01,1,121.66,121.66,121.66,0,1.0,121.66
C00066,2025-07-01,1,404.68,404.68,404.68,0,0.0,283.02
C00066,2025-08-01,2,375.75,375.75,187.875,0,1.0,-28.930000000000007
C00066,2025-09-01,3,640.76,348.15,213.58666666666667,0,1.0,-27.600000000000023
C00066,2025-10-01,1,230.44,230.44,230.44,0,-2.0,-117.70999999999998
C00066,2025-11-01,0,0.0,0.0,,0,-1.0,-230.44
C00066,2025-12-01,1,105.47,105.47,105.47,0,1.0,105.47
C00067,2025-03-01,2,204.09,204.09,102.045,0,,
C00067,2025-04-01,0,0.0,0.0,,0,-2.0,-204.09
C00067,2025-05-01,0,0.0,0.0,,0,0.0,0.0
C00067,2025-06-01,0,0.0,0.0,,0,0.0,0.0
C00067,2025-07-01,0,0.0,0.0,,0,0.0,0.0
C00067,2025-08-01,0,0.0,0.0,,0,0.0,0.0
C00067,2025-09-01,0,0.0,0.0,,0,0.0,0.0
C00067,2025-10-01,1,209.46,209.46,209.46,0,1.0,209.46
C00068,2025-01-01,2,146.64,146.64,73.32,0,,
C00068,2025-02-01,2,165.65,165.65,82.825,0,0.0,19.01000000000002
C00068,2025-03-01,1,101.79,101.79,101.79,0,-1.0,-63.86
C00068,2025-04-01,2,107.53999999999999,65.89,53.769999999999996,0,1.0,-35.900000000000006
C00068,2025-05-01,2,356.1,356.1,178.05,0,0.0,290.21000000000004
C00068,2025-06-01,1,17.0,17.0,17.0,0,-1.0,-339.1
C00068,2025-07-01,0,0.0,0.0,,0,-1.0,-17.0
C00068,2025-08-01,0,0.0,0.0,,0,0.0,0.0
C00068,2025-09-01,0,0.0,0.0,,0,0.0,0.0
C00068,2025-10-01,2,139.4,139.4,69.7,0,2.0,139.4
C00068,2025-11-01,0,0.0,0.0,,0,-2.0,-139.4
C00068,2025-12-01,1,35.1,35.1,35.1,0,1.0,35.1
C00069,2025-02-01,1,51.89,51.89,51.89,0,,
C00069,2025-03-01,0,0.0,0.0,,0,-1.0,-51.89
C00069,2025-04-01,3,220.26,220.26,73.42,0,3.0,220.26
C00069,2025-05-01,1,161.26,161.26,161.26,0,-2.0,-59.0
C00069,2025-06-01,0,0.0,0.0,,0,-1.0,-161.26
C00069,2025-07-01,0,0.0,0.0,,0,0.0,0.0
C00069,2025-08-01,0,0.0,0.0,,0,0.0,0.0
C00069,2025-09-01,0,0.0,0.0,,0,0.0,0.0
C00069,2025-10-01,0,0.0,0.0,,0,0.0,0.0
C00069,2025-11-01,1,94.02,94.02,94.02,0,1.0,94.02
C00069,2025-12-01,1,98.07,98.07,98.07,0,0.0,4.049999999999997
C00070,2025-01-01,1,18.25,18.25,18.25,0,,
C00070,2025-02-01,1,62.05,62.05,62.05,0,0.0,43.8
C00070,2025-03-01,0,0.0,0.0,,0,-1.0,-62.05
C00070,2025-04-01,1,38.15,38.15,38.15,0,1.0,38.15
C00070,2025-05-01,1,44.78,44.78,44.78,0,0.0,6.630000000000003
C00070,2025-06-01,0,0.0,0.0,,0,-1.0,-44.78
C00070,2025-07-01,0,0.0,0.0,,0,0.0,0.0
C00070,2025-08-01,1,138.22,138.22,138.22,0,1.0,138.22
C00070,2025-09-01,2,147.88,147.88,73.94,0,1.0,9.659999999999997
C00070,2025-10-01,2,97.1,97.1,48.55,0,0.0,-50.78
C00070,2025-11-01,1,129.4,129.4,129.4,0,-1.0,32.30000000000001
C00070,2025-12-01,1,69.57,69.57,69.57,0,0.0,-59.83000000000001
C00071,2025-06-01,1,211.26,211.26,211.26,0,,
C00071,2025-07-01,0,0.0,0.0,,0,-1.0,-211.26
C00071,2025-08-01,0,0.0,0.0,,0,0.0,0.0
C00071,2025-09-01,0,0.0,0.0,,0,0.0,0.0
C00071,2025-10-01,0,0.0,0.0,,0,0.0,0.0
C00071,2025-11-01,0,0.0,0.0,,0,0.0,0.0
C00071,2025-12-01,1,36.18,36.18,36.18,0,1.0,36.18
C00072,2025-03-01,2,123.39,123.39,61.695,0,,
C00072,2025-04-01,1,45.78,45.78,45.78,0,-1.0,-77.61
C00072,2025-05-01,0,0.0,0.0,,0,-1.0,-45.78
C00072,2025-06-01,0,0.0,0.0,,0,0.0,0.0
C00072,2025-07-01,2,61.08,61.08,30.54,0,2.0,61.08
C00072,2025-08-01,0,0.0,0.0,,0,-2.0,-61.08
C00072,2025-09-01,0,0.0,0.0,,0,0.0,0.0
C00072,2025-10-01,0,0.0,0.0,,0,0.0,0.0
C00072,2025-11-01,2,171.5,171.5,85.75,0,2.0,171.5
C00073,2025-01-01,2,45.01,45.01,22.505,0,,
C00073,2025-02-01,1,7.44,7.44,7.44,0,-1.0,-37.57
C00073,2025-03-01,2,36.75,36.75,18.375,0,1.0,29.31
C00073,2025-04-01,0,0.0,0.0,,0,-2.0,-36.75
C00073,2025-05-01,2,176.72,176.72,88.36,0,2.0,176.72
C00073,2025-06-01,1,211.28,211.28,211.28,0,-1.0,34.56
C00073,2025-07-01,0,0.0,0.0,,0,-1.0,-211.28
C00073,2025-08-01,3,86.25,86.25,28.75,0,3.0,86.25
C00073,2025-09-01,3,154.2,154.2,51.4,0,0.0,67.94999999999999
C00073,2025-10-01,1,10.6,10.6,10.6,0,-2.0,-143.6
C00073,2025-11-01,2,22.1,22.1,11.05,0,1.0,11.500000000000002
C00073,2025-12-01,2,74.69,74.69,37.345,0,0.0,52.589999999999996
C00074,2025-01-01,2,99.11,99.11,49.555,0,,
C00074,2025-02-01,0,0.0,0.0,,0,-2.0,-99.11
C00074,2025-03-01,5,575.74,575.74,115.148,0,5.0,575.74
C00074,2025-04-01,4,438.90999999999997,438.90999999999997,109.72749999999999,0,-1.0,-136.83000000000004
C00074,2025-05-01,2,498.5,498.5,249.25,0,-2.0,59.59000000000003
C00074,2025-06-01,1,47.53,47.53,47.53,0,-1.0,-450.97
C00074,2025-07-01,1,47.6,47.6,47.6,0,0.0,0.07000000000000028
C00074,2025-08-01,2,206.71,206.71,103.355,0,1.0,159.11
C00074,2025-09-01,2,161.52,161.52,80.76,0,0.0,-45.19
C00074,2025-10-01,2,57.31,57.31,28.655,0,0.0,-104.21000000000001
C00074,2025-11-01,1,36.9,36.9,36.9,0,-1.0,-20.410000000000004
C00074,2025-12-01,1,66.51,66.51,66.51,0,0.0,29.610000000000007
C00075,2025-02-01,2,62.06999999999999,62.06999999999999,31.034999999999997,0,,
C00075,2025-03-01,1,16.38,16.38,16.38,0,-1.0,-45.69
C00075,2025-04-01,3,80.28999999999999,80.28999999999999,26.763333333333332,0,2.0,63.91
C00075,2025-05-01,0,0.0,0.0,,0,-3.0,-80.28999999999999
C00075,2025-06-01,2,24.75,24.75,12.375,0,2.0,24.75
C00075,2025-07-01,1,25.14,25.14,25.14,0,-1.0,0.39000000000000057
C00075,2025-08-01,0,0.0,0.0,,0,-1.0,-25.14
C00075,2025-09-01,0,0.0,0.0,,0,0.0,0.0
C00075,2025-10-01,0,0.0,0.0,,0,0.0,0.0
C00075,2025-11-01,0,0.0,0.0,,0,0.0,0.0
C00075,2025-12-01,1,10.72,10.72,10.72,0,1.0,10.72
C00076,2025-02-01,1,152.74,152.74,152.74,0,,
C00076,2025-03-01,0,0.0,0.0,,0,-1.0,-152.74
C00076,2025-04-01,0,0.0,0.0,,0,0.0,0.0
C00076,2025-05-01,0,0.0,0.0,,0,0.0,0.0
C00076,2025-06-01,0,0.0,0.0,,0,0.0,0.0
C00076,2025-07-01,0,0.0,0.0,,0,0.0,0.0
C00076,2025-08-01,1,112.6,112.6,112.6,0,1.0,112.6
C00076,2025-09-01,0,0.0,0.0,,0,-1.0,-112.6
C00076,2025-10-01,1,29.19,-29.19,29.19,0,1.0,-29.19
C00076,2025-11-01,0,0.0,0.0,,0,-1.0,29.19
C00076,2025-12-01,3,310.25,310.25,103.41666666666667,0,3.0,310.25
C00077,2025-02-01,1,48.76,48.76,48.76,0,,
C00077,2025-03-01,0,0.0,0.0,,0,-1.0,-48.76
C00077,2025-04-01,2,545.82,545.82,272.91,0,2.0,545.82
C00077,2025-05-01,1,55.94,55.94,55.94,0,-1.0,-489.88000000000005
C00077,2025-06-01,0,0.0,0.0,,0,-1.0,-55.94
C00077,2025-07-01,2,197.82999999999998,197.82999999999998,98.91499999999999,0,2.0,197.82999999999998
C00077,2025-08-01,1,32.71,32.71,32.71,0,-1.0,-165.11999999999998
C00077,2025-09-01,1,8.8,8.8,8.8,0,0.0,-23.91
C00077,2025-10-01,0,0.0,0.0,,0,-1.0,-8.8
C00077,2025-11-01,4,267.32000000000005,267.32000000000005,66.83000000000001,0,4.0,267.32000000000005
C00077,2025-12-01,2,177.38000000000002,177.38000000000002,88.69000000000001,0,-2.0,-89.94000000000003
C00078,2025-01-01,1,22.28,22.28,22.28,0,,
C00078,2025-02-01,1,32.62,32.62,32.62,0,0.0,10.339999999999996
C00078,2025-03-01,1,14.94,14.94,14.94,0,0.0,-17.68
C00078,2025-04-01,1,52.8,52.8,52.8,0,0.0,37.86
C00078,2025-05-01,0,0.0,0.0,,0,-1.0,-52.8
C00078,2025-06-01,1,313.42,313.42,313.42,1,1.0,313.42
C00078,2025-07-01,0,0.0,0.0,,0,-1.0,-313.42
C00078,2025-08-01,1,35.84,35.84,35.84,0,1.0,35.84
C00078,2025-09-01,2,57.22,57.22,28.61,0,1.0,21.379999999999995
C00078,2025-10-01,0,0.0,0.0,,0,-2.0,-57.22
C00078,2025-11-01,2,206.33,206.33,103.165,0,2.0,206.33
C00079,2025-02-01,1,50.23,50.23,50.23,0,,
C00079,2025-03-01,1,22.19,22.19,22.19,0,0.0,-28.039999999999996
C00079,2025-04-01,1,11.54,11.54,11.54,0,0.0,-10.650000000000002
C00079,2025-05-01,1,27.19,27.19,27.19,0,0.0,15.650000000000002
C00079,2025-06-01,0,0.0,0.0,,0,-1.0,-27.19
C00079,2025-07-01,0,0.0,0.0,,0,0.0,0.0
C00079,2025-08-01,0,0.0,0.0,,0,0.0,0.0
C00079,2025-09-01,0,0.0,0.0,,0,0.0,0.0
C00079,2025-10-01,0,0.0,0.0,,0,0.0,0.0
C00079,2025-11-01,0,0.0,0.0,,0,0.0,0.0
C00079,2025-12-01,1,34.46,34.46,34.46,0,1.0,34.46
C00080,2025-01-01,1,37.52,37.52,37.52,0,,
C00080,2025-02-01,0,0.0,0.0,,0,-1.0,-37.52
C00080,2025-03-01,1,76.89,76.89,76.89,0,1.0,76.89
C00080,2025-04-01,0,0.0,0.0,,0,-1.0,-76.89
C00080,2025-05-01,1,54.51,54.51,54.51,0,1.0,54.51
C00080,2025-06-01,0,0.0,0.0,,0,-1.0,-54.51
C00080,2025-07-01,0,0.0,0.0,,0,0.0,0.0
C00080,2025-08-01,1,32.42,32.42,32.42,0,1.0,32.42
C00080,2025-09-01,1,72.77,72.77,72.77,0,0.0,40.349999999999994
C00080,2025-10-01,2,117.10000000000001,117.10000000000001,58.550000000000004,0,1.0,44.33000000000001
C00080,2025-11-01,2,220.49,220.49,110.245,0,0.0,103.39
C00081,2025-02-01,1,103.73,103.73,103.73,0,,
C00081,2025-03-01,0,0.0,0.0,,0,-1.0,-103.73
C00081,2025-04-01,0,0.0,0.0,,0,0.0,0.0
C00081,2025-05-01,6,103.84,103.84,17.30666666666667,0,6.0,103.84
C00081,2025-06-01,2,168.35,168.35,84.175,0,-4.0,64.50999999999999
C00081,2025-07-01,2,22.27,22.27,11.135,0,0.0,-146.07999999999998
C00081,2025-08-01,0,0.0,0.0,,0,-2.0,-22.27
C00081,2025-09-01,1,8.29,8.29,8.29,0,1.0,8.29
C00081,2025-10-01,0,0.0,0.0,,0,-1.0,-8.29
C00081,2025-11-01,1,6.2,0.0,6.2,0,1.0,0.0
C00081,2025-12-01,1,7.71,7.71,7.71,0,0.0,7.71
C00082,2025-03-01,1,43.98,43.98,43.98,0,,
C00082,2025-04-01,1,180.5,180.5,180.5,0,0.0,136.52
C00082,2025-05-01,1,40.67,40.67,40.67,0,0.0,-139.82999999999998
C00082,2025-06-01,2,275.37,275.37,137.685,0,1.0,234.7
C00082,2025-07-01,0,0.0,0.0,,0,-2.0,-275.37
C00082,2025-08-01,1,116.69,116.69,116.69,0,1.0,116.69
C00082,2025-09-01,1,38.11,38.11,38.11,0,0.0,-78.58
C00082,2025-10-01,3,190.70999999999998,190.70999999999998,63.56999999999999,0,2.0,152.59999999999997
C00082,2025-11-01,3,165.53,165.53,55.17666666666667,0,0.0,-25.17999999999998
C00082,2025-12-01,1,46.26,46.26,46.26,0,-2.0,-119.27000000000001
C00083,2025-01-01,1,76.17,76.17,76.17,0,,
C00083,2025-02-01,0,0.0,0.0,,0,-1.0,-76.17
C00083,2025-03-01,1,209.31,209.31,209.31,0,1.0,209.31
C00083,2025-04-01,1,147.77,147.77,147.77,0,0.0,-61.53999999999999
C00083,2025-05-01,1,42.44,42.44,42.44,0,0.0,-105.33000000000001
C00083,2025-06-01,0,0.0,0.0,,0,-1.0,-42.44
C00083,2025-07-01,0,0.0,0.0,,0,0.0,0.0
C00083,2025-08-01,1,265.54,265.54,265.54,0,1.0,265.54
C00083,2025-09-01,0,0.0,0.0,,0,-1.0,-265.54
C00083,2025-10-01,1,76.86,76.86,76.86,0,1.0,76.86
C00084,2025-02-01,1,73.37,73.37,73.37,0,,
C00084,2025-03-01,0,0.0,0.0,,0,-1.0,-73.37
C00084,2025-04-01,1,20.9,20.9,20.9,0,1.0,20.9
C00084,2025-05-01,1,265.86,265.86,265.86,0,0.0,244.96
C00084,2025-06-01,0,0.0,0.0,,0,-1.0,-265.86
C00084,2025-07-01,0,0.0,0.0,,0,0.0,0.0
C00084,2025-08-01,0,0.0,0.0,,0,0.0,0.0
C00084,2025-09-01,1,933.02,933.02,933.02,0,1.0,933.02
C00084,2025-10-01,0,0.0,0.0,,0,-1.0,-933.02
C00084,2025-11-01,1,92.27,92.27,92.27,0,1.0,92.27
C00084,2025-12-01,1,213.06,213.06,213.06,0,0.0,120.79
C00085,2025-03-01,2,97.35,97.35,48.675,0,,
C00086,2025-01-01,1,21.92,21.92,21.92,0,,
C00086,2025-02-01,3,157.71,157.71,52.57,0,2.0,135.79000000000002
C00086,2025-03-01,2,37.120000000000005,37.120000000000005,18.560000000000002,0,-1.0,-120.59
C00086,2025-04-01,0,0.0,0.0,,0,-2.0,-37.120000000000005
C00086,2025-05-01,0,0.0,0.0,,0,0.0,0.0
C00086,2025-06-01,1,11.72,11.72,11.72,0,1.0,11.72
C00086,2025-07-01,1,24.85,24.85,24.85,0,0.0,13.13
C00087,2025-04-01,1,138.24,138.24,138.24,0,,
C00087,2025-05-01,0,0.0,0.0,,0,-1.0,-138.24
C00087,2025-06-01,1,20.72,20.72,20.72,0,1.0,20.72
C00087,2025-07-01,1,78.23,78.23,78.23,0,0.0,57.510000000000005
C00087,2025-08-01,0,0.0,0.0,,0,-1.0,-78.23
C00087,2025-09-01,0,0.0,0.0,,0,0.0,0.0
C00087,2025-10-01,0,0.0,0.0,,0,0.0,0.0
C00087,2025-11-01,1,116.38,116.38,116.38,0,1.0,116.38
C00087,2025-12-01,1,62.2,62.2,62.2,0,0.0,-54.17999999999999
C00088,2025-01-01,3,172.05,131.04000000000002,57.35,0,,
C00088,2025-02-01,0,0.0,0.0,,0,-3.0,-131.04000000000002
C00088,2025-03-01,1,15.23,15.23,15.23,0,1.0,15.23
C00088,2025-04-01,2,119.03,119.03,59.515,0,1.0,103.8
C00088,2025-05-01,0,0.0,0.0,,0,-2.0,-119.03
C00088,2025-06-01,2,129.84,129.84,64.92,0,2.0,129.84
C00088,2025-07-01,0,0.0,0.0,,0,-2.0,-129.84
C00088,2025-08-01,4,430.01,430.01,107.5025,0,4.0,430.01
C00088,2025-09-01,1,390.57,390.57,390.57,0,-3.0,-39.44
C00089,2025-01-01,1,112.76,112.76,112.76,0,,
C00089,2025-02-01,1,167.44,167.44,167.44,0,0.0,54.67999999999999
C00089,2025-03-01,0,0.0,0.0,,0,-1.0,-167.44
C00089,2025-04-01,1,309.12,309.12,309.12,0,1.0,309.12
C00089,2025-05-01,1,339.52,339.52,339.52,0,0.0,30.399999999999977
C00089,2025-06-01,0,0.0,0.0,,0,-1.0,-339.52
C00089,2025-07-01,0,0.0,0.0,,0,0.0,0.0
C00089,2025-08-01,1,138.92,138.92,138.92,0,1.0,138.92
C00089,2025-09-01,0,0.0,0.0,,0,-1.0,-138.92
C00089,2025-10-01,0,0.0,0.0,,0,0.0,0.0
C00089,2025-11-01,0,0.0,0.0,,0,0.0,0.0
C00089,2025-12-01,1,248.23,248.23,248.23,0,1.0,248.23
C00091,2025-01-01,1,22.09,22.09,22.09,0,,
C00091,2025-02-01,2,92.42999999999999,92.42999999999999,46.214999999999996,0,1.0,70.33999999999999
C00091,2025-03-01,1,41.65,41.65,41.65,0,-1.0,-50.779999999999994
C00091,2025-04-01,0,0.0,0.0,,0,-1.0,-41.65
C00091,2025-05-01,1,74.9,74.9,74.9,0,1.0,74.9
C00091,2025-06-01,2,128.74,128.74,64.37,0,1.0,53.84
C00091,2025-07-01,0,0.0,0.0,,0,-2.0,-128.74
C00091,2025-08-01,0,0.0,0.0,,0,0.0,0.0
C00091,2025-09-01,0,0.0,0.0,,0,0.0,0.0
C00091,2025-10-01,1,48.79,48.79,48.79,0,1.0,48.79
C00091,2025-11-01,1,36.21,36.21,36.21,0,0.0,-12.579999999999998
C00091,2025-12-01,1,34.09,34.09,34.09,0,0.0,-2.1199999999999974
C00092,2025-02-01,3,205.75,35.71,68.58333333333333,0,,
C00092,2025-03-01,1,128.73,128.73,128.73,0,-2.0,93.01999999999998
C00092,2025-04-01,1,48.28,48.28,48.28,0,0.0,-80.44999999999999
C00092,2025-05-01,3,252.54000000000002,252.54000000000002,84.18,0,2.0,204.26000000000002
C00092,2025-06-01,0,0.0,0.0,,0,-3.0,-252.54000000000002
C00092,2025-07-01,0,0.0,0.0,,0,0.0,0.0
C00092,2025-08-01,0,0.0,0.0,,0,0.0,0.0
C00092,2025-09-01,3,129.62,129.62,43.20666666666667,0,3.0,129.62
C00092,2025-10-01,0,0.0,0.0,,0,-3.0,-129.62
C00092,2025-11-01,2,153.57999999999998,153.57999999999998,76.78999999999999,0,2.0,153.57999999999998
C00092,2025-12-01,4,436.69000000000005,436.69000000000005,109.17250000000001,0,2.0,283.11000000000007
C00093,2025-04-01,1,10.6,10.6,10.6,0,,
C00093,2025-05-01,0,0.0,0.0,,0,-1.0,-10.6
C00093,2025-06-01,0,0.0,0.0,,0,0.0,0.0
C00093,2025-07-01,0,0.0,0.0,,0,0.0,0.0
C00093,2025-08-01,1,38.85,38.85,38.85,0,1.0,38.85
C00093,2025-09-01,0,0.0,0.0,,0,-1.0,-38.85
C00093,2025-10-01,1,67.2,67.2,67.2,0,1.0,67.2
C00094,2025-03-01,1,200.14,200.14,200.14,0,,
C00094,2025-04-01,0,0.0,0.0,,0,-1.0,-200.14
C00094,2025-05-01,0,0.0,0.0,,0,0.0,0.0
C00094,2025-06-01,1,79.56,79.56,79.56,0,1.0,79.56
C00094,2025-07-01,1,75.72,75.72,75.72,0,0.0,-3.8400000000000034
C00094,2025-08-01,1,110.76,110.76,110.76,0,0.0,35.040000000000006
C00094,2025-09-01,1,88.12,88.12,88.12,0,0.0,-22.64
C00094,2025-10-01,1,58.52,58.52,58.52,0,0.0,-29.6
C00094,2025-11-01,0,0.0,0.0,,0,-1.0,-58.52
C00094,2025-12-01,1,48.78,48.78,48.78,0,1.0,48.78
C00095,2025-01-01,1,18.38,18.38,18.38,0,,
C00095,2025-02-01,1,19.49,19.49,19.49,0,0.0,1.1099999999999994
C00095,2025-03-01,0,0.0,0.0,,0,-1.0,-19.49
C00095,2025-04-01,2,104.44,104.44,52.22,0,2.0,104.44
C00095,2025-05-01,1,20.48,20.48,20.48,0,-1.0,-83.96
C00095,2025-06-01,1,564.33,564.33,564.33,1,0.0,543.85
C00095,2025-07-01,1,89.31,89.31,89.31,0,0.0,-475.02000000000004
C00095,2025-08-01,4,808.92,808.92,202.23,1,3.0,719.6099999999999
C00095,2025-09-01,2,71.35,-9.870000000000001,35.675,0,-2.0,-818.79
C00095,2025-10-01,0,0.0,0.0,,0,-2.0,9.870000000000001
C00095,2025-11-01,2,56.97,56.97,28.485,0,2.0,56.97
C00096,2025-01-01,1,116.75,116.75,116.75,0,,
C00096,2025-02-01,1,56.28,56.28,56.28,0,0.0,-60.47
C00096,2025-03-01,0,0.0,0.0,,0,-1.0,-56.28
C00096,2025-04-01,0,0.0,0.0,,0,0.0,0.0
C00096,2025-05-01,1,16.85,16.85,16.85,0,1.0,16.85
C00096,2025-06-01,2,126.24000000000001,126.24000000000001,63.120000000000005,0,1.0,109.39000000000001
C00096,2025-07-01,0,0.0,0.0,,0,-2.0,-126.24000000000001
C00096,2025-08-01,1,96.21,96.21,96.21,0,1.0,96.21
C00096,2025-09-01,1,39.96,39.96,39.96,0,0.0,-56.24999999999999
C00096,2025-10-01,2,236.92000000000002,236.92000000000002,118.46000000000001,0,1.0,196.96
C00096,2025-11-01,2,76.78,76.78,38.39,0,0.0,-160.14000000000001
C00096,2025-12-01,2,136.94,136.94,68.47,0,0.0,60.16
C00097,2025-10-01,1,88.55,88.55,88.55,0,,
C00097,2025-11-01,1,73.29,73.29,73.29,0,0.0,-15.259999999999991
C00097,2025-12-01,1,257.07,257.07,257.07,0,0.0,183.77999999999997
C00098,2025-02-01,2,259.21000000000004,25.03,129.60500000000002,0,,
C00098,2025-03-01,1,24.66,24.66,24.66,0,-1.0,-0.370000000000001
C00098,2025-04-01,0,0.0,0.0,,0,-1.0,-24.66
C00098,2025-05-01,1,18.39,18.39,18.39,0,1.0,18.39
C00098,2025-06-01,3,59.15,59.15,19.716666666666665,0,2.0,40.76
C00098,2025-07-01,2,33.6,33.6,16.8,0,-1.0,-25.549999999999997
C00098,2025-08-01,1,45.9,45.9,45.9,0,-1.0,12.299999999999997
C00098,2025-09-01,0,0.0,0.0,,0,-1.0,-45.9
C00098,2025-10-01,0,0.0,0.0,,0,0.0,0.0
C00098,2025-11-01,2,57.85,57.85,28.925,0,2.0,57.85
C00099,2025-03-01,1,45.51,45.51,45.51,0,,
C00099,2025-04-01,1,13.98,13.98,13.98,0,0.0,-31.529999999999998
C00099,2025-05-01,1,22.97,22.97,22.97,0,0.0,8.989999999999998
C00099,2025-06-01,0,0.0,0.0,,0,-1.0,-22.97
C00099,2025-07-01,1,52.34,52.34,52.34,0,1.0,52.34
C00099,2025-08-01,0,0.0,0.0,,0,-1.0,-52.34
C00099,2025-09-01,1,18.32,18.32,18.32,0,1.0,18.32
C00100,2025-02-01,1,56.2,56.2,56.2,0,,
C00100,2025-03-01,0,0.0,0.0,,0,-1.0,-56.2
C00100,2025-04-01,1,6.95,6.95,6.95,0,1.0,6.95
C00100,2025-05-01,1,10.75,10.75,10.75,0,0.0,3.8
C00100,2025-06-01,1,109.96,109.96,109.96,0,0.0,99.21
C00100,2025-07-01,1,131.32,131.32,131.32,0,0.0,21.36
C00100,2025-08-01,0,0.0,0.0,,0,-1.0,-131.32
C00100,2025-09-01,0,0.0,0.0,,0,0.0,0.0
C00100,2025-10-01,1,66.01,66.01,66.01,0,1.0,66.01
C00100,2025-11-01,1,63.86,63.86,63.86,0,0.0,-2.1500000000000057
